Colangiocarcinoma,C0206698,True
Timpanometria,C0001161,True
Alcalose,C0002063,True
Sialadenite,C0037023,True
Disgrafia,C0001825,True
Siringomielia,C0039144,True
Anisocoria,C0003079,True
Síndrome de Williams,C0175702,True
Contratura de Dupuytren,C0013312,True
Bissinose,C0006542,True
Acatisia,C0085631,True
Esplenectomia,C0037995,True
Corioamnionite,C0002631,True
Ergotismo,C0014714,True
Azotemia,C0242528,True
Pênfigo,C0030807,True
Quilotórax,C0008733,True
Gastrosquise,C0265706,True
Prostatite,C0033581,True
Paracoccidioidomicose,C0030409,True
Síndrome de Noonan,C0028326,True
Oncocercose,C0029001,True
Leucocitose,C0023518,True
Síndrome de Angelman,C0162635,True
Sarcoidose,C0036202,True
Anodontia,C0020608,True
Linfoma,C0024299,True
Aniseiconia,C0003078,True
Síndrome de Ellis-Van Creveld,C0013903,True
Timoma,C0040100,True
Colestase,C0008370,True
Hidrocefalia,C0009451,True
Hemospermia,C0149707,True
Encefalomielite,C0014070,True
Dermatomiosite,C0011633,True
Espondilolistese,C0038016,True
Alcaptonúria,C0002066,True
Ecoendoscopia,C0376443,True
Acromegalia,C0001206,True
Ornitose,C0029291,True
Estesioneuroblastoma,C0206717,True
Oncocitoma,C0949541,True
Ureterostomia,C0041963,True
Síndrome da Guerra do Golfo,C0282550,True
Craniotomia,C0010280,True
Rabdomiólise,C0035410,True
Gastrostomia,C0017196,True
Síndrome de Weber,C0271373,True
Endocardite de Loeffler,C0206141,True
Amnésia,C0002622,True
Mormo,C0017589,True
Colposcopia,C0009417,True
Toracoscopia,C0039989,True
Estupor,C0085628,True
Pitiríase,C0032024,True
Intertrigo,C0021807,True
Carcinoma,C0007097,True
Esôfago de Barrett,C0004763,True
Mielopatia,C0037928,True
Gastroparesia,C0152020,True
Aniridia,C0003076,True
Doença de Graves,C0018213,True
Paranoia,C1456784,True
Enoftalmia,C0014306,True
Homeopatia,C0684199,True
Hematócrito,C0018935,True
Hemossiderose,C0019114,True
Hemopneumotórax,C0019077,True
ELISA,C0014441,True
Teníase,C0039254,True
Dismetria,C0007758,True
Colecistite,C0008325,True
Doença de Alexander,C0270726,True
Colonoscopia,C0009378,True
Osteotomia,C0029468,True
Tonsilectomia,C0040423,True
Hipertermia,C0015967,True
Hematometra,C0018948,True
Cólera,C0008354,True
Histerectomia,C0020699,True
Hidronefrose,C0020295,True
Doença de Chagas,C0041234,True
Blefarofimose,C0005744,True
Febre Q,C0034362,True
Poliartrite,C0003864,True
Onicomicose,C0040261,True
Coriocarcinoma,C0008497,True
Difteria,C0012546,True
Atrofia,C0333641,True
Dislexia,C0002018,True
Cataplexia,C0007384,True
Presbiacusia,C0033074,True
Osteocondrite,C0029420,True
Síndrome de Guillain-Barré,C0018378,True
Equinococose,C0013502,True
Disartria,C0013362,True
Tremor,C0040822,True
Isosporíase,C0311386,True
Colostomia,C0009410,True
Cromossomo Filadélfia,C0031526,True
Querubismo,C0008029,True
Escotoma,C0036454,True
Empiema,C0014009,True
Hipertiroxinemia,C0020551,True
Sinovite,C0039103,True
Bacteremia,C0004610,True
Eletroacupuntura,C0013794,True
Aromaterapia,C0376547,True
Síndrome CREST,C0206138,True
Demência,C0338630,True
Glicogenose,C0017919,True
Exantema,C0015230,True
Doença de Charcot-Marie-Tooth,C0007959,True
Toxocaríase,C0040553,True
Encefalite de São Luís,C0014060,True
Yersiniose,C0043407,True
Magnetoencefalografia,C0024489,True
Teste de Papanicolau,C0079104,True
Divertículo,C0012817,True
Síndrome de Rubinstein-Taybi,C0035934,True
Paraplegia,C0030486,True
Hipotensão,C0020649,True
Proctite,C0033246,True
Endoftalmite,C0014236,True
Laringoscopia,C0023072,True
Espasmo,C0037763,True
Doença de Krabbe,C0023521,True
Afasia de Wernicke,C0454578,True
Tonsilite,C0040425,True
Sarcoma de Ewing,C0553580,True
Febre,C0015967,True
Parosmia,C0003126,True
Hipertrofia,C0020564,True
Vitiligo,C0042900,True
Melasma,C0016689,True
Blefarite,C0005741,True
Doença de Fox-Fordyce,C0016632,True
Enterocolite,C0014356,True
Cintilografia,C0034606,True
Osteopenia,C0005944,True
Diatermia,C0012002,True
Fasciite,C0015645,True
Granulomatose de Wegener,C0043092,True
Psoríase,C0030246,True
Leiomioma,C0023267,True
Pediculose,C0030756,True
Proteinúria,C0033687,True
Toracotomia,C0039991,True
Adenite,C0001416,True
Oligo-hidrâmnio,C0079924,True
Enterite,C0014335,True
Doença de Degos,C0221011,True
Atetose,C0004158,True
Hemofilia C,C0015523,True
Holoprosencefalia,C0078982,True
Esquistossomose,C0036323,True
Hemofilia B,C0008533,True
Esclerite,C0014583,True
Síndrome de Dandy-Walker,C0010964,True
Taquicardia,C0039231,True
Obstipação,C0009806,True
Tricuríase,C0040954,True
Xeroftalmia,C0043349,True
Miocardite,C0027059,True
Polidactilia,C0152427,True
Metrorragia,C0025874,True
Hiperinsulinismo,C0020459,True
Coroideremia,C0008525,True
Glomerulonefrite,C0017658,True
Eletronistagmografia,C0013853,True
Estrongiloidíase,C0038463,True
Síndrome MERRF,C0162672,True
Lipoma,C0023798,True
Aneurisma,C0002940,True
Síndrome de Marfan,C0024796,True
Mixedema,C0027145,True
Epididimite,C0014534,True
Osteomielite,C0029443,True
Parainfluenza,C0030389,True
Afacia,C0003534,True
Fibroma,C0016045,True
Calcinose,C0006663,True
Síndrome de Felty,C0015773,True
Vasovasostomia,C0042416,True
Artralgia,C0003862,True
Teste de Coombs,C0009961,True
Escrófula,C0036467,True
Vômito,C0042963,True
Doença de Milroy,C0024236,True
Síndrome de Rotor,C0020435,True
Polimiosite,C0085655,True
Tetraplegia,C0023944,True
Sindactilia,C0039075,True
Cistoscopia,C0010702,True
Parestesia,C0030554,True
Hirsutismo,C0019572,True
Divertículo de Meckel,C0025037,True
Alergia,C0020517,True
Talassemia,C0039730,True
Hiperpigmentação,C0162834,True
Otosclerose,C0029899,True
Hipercolesterolemia,C0020443,True
Prostatectomia,C0033573,True
Ameloblastoma,C0002448,True
Angina de Ludwig,C0024081,True
Nanismo,C0013336,True
Priapismo,C0033117,True
Cordoma,C0008487,True
Hipotonia,C0026825,True
Hiperuricemia,C0740394,True
Escleroterapia,C0036435,True
Sirenomelia,C0002447,True
Vasculite,C0042384,True
Síndrome HELLP,C0162739,True
Hiperoxalúria,C0020500,True
Síndrome de Waardenburg,C0079661,True
Hemisferectomia,C0175763,True
Mioclonia,C0027066,True
Laparotomia,C0023038,True
Trombose,C0040053,True
Rinomanometria,C0430615,True
Plasmaferese,C0032134,True
Esofagogastroduodenoscopia,C0079277,True
Mamoplastia,C0085076,True
Poliúria,C0032617,True
Musicoterapia,C0026868,True
Auscultação,C0004339,True
Cisto de Baker,C0032650,True
TENS,C0040654,True
Linfoma não Hodgkin,C0024305,True
Nevo,C0027960,True
Apendicectomia,C0003611,True
Hidranencefalia,C0020225,True
Varicocele,C0042341,True
Síndrome de Landau-Kleffner,C0282512,True
Fibromatose,C0016045,True
Tireoidite,C0040147,True
Litotripsia,C0015359,True
Sarcoma de Kaposi,C0036220,True
Cinetose,C0001882,True
Síndrome de Bloom,C0005859,True
Doença de Crohn,C0010346,True
Pertússis,C0043167,True
Estrabismo,C0020575,True
Acromatopsia,C0009398,True
Síndrome de Stevens-Johnson,C0038325,True
Ansiedade,C0003467,True
Osteófito,C1956089,True
Histeroscopia,C0020710,True
LASIK,C0752094,True
Barotrauma,C0004760,True
Soluço,C0019521,True
Mioquimia,C0684219,True
Bócio,C0018021,True
Rabdomioma,C0035411,True
Doença de Darier,C0022595,True
Eletroconvulsoterapia,C0013806,True
Arterite,C0003860,True
Pleurodese,C0189557,True
Síndrome de Tolosa-Hunt,C0040381,True
Doença de Scheuermann,C0036310,True
Nevralgia,C0027796,True
Adamantinoma,C1367554,True
Labirintite,C0022893,True
Tromboflebite,C0031556,True
Granuloma,C0018188,True
Síndrome de Klinefelter,C0022735,True
Lumbago,C0024031,True
Colesteatoma,C0008373,True
Trombastenia de Glanzmann,C0040015,True
Discalculia,C0869474,True
Artroscopia,C0003904,True
Salpingectomia,C0041271,True
Agorafobia,C0001818,True
Síndrome de Zellweger,C0043459,True
Síndrome de Eisenmenger,C0013743,True
Aneuploidia,C0002938,True
Doença de Huntington,C0020179,True
Hipopituitarismo,C0020635,True
Luteoma,C0024167,True
Situs Inversus,C0037221,True
Anosmia,C0003126,True
Impetigo,C0021099,True
Zumbido,C0040264,True
Angiografia,C0002978,True
Donovanose,C0018190,True
Síndrome de Gardner,C0017097,True
Osteopetrose,C0029454,True
Mamografia,C0024671,True
Duodenite,C0013298,True
Hiperalgesia,C0020429,True
Seminoma,C0036631,True
Hidroterapia,C0020311,True
Calázio,C0007933,True
Sialolitíase,C0036091,True
Icterícia,C0022346,True
Braquiterapia,C0006098,True
Hipofosfatemia,C0085682,True
Síndrome de Wernicke-Korsakoff,C0349464,True
Hepatite A,C0019159,True
Polissonografia,C0162701,True
Hepatite C,C0019196,True
Ureteroscopia,C0194261,True
Hepatite B,C0019163,True
Kuru,C0022802,True
Amniocentese,C0002627,True
Adenomiose,C0014175,True
Síndrome de Lowe,C0028860,True
Leucopenia,C0023530,True
Coloboma,C0009363,True
Fototerapia,C0031765,True
Hepatite E,C0085293,True
Cifose,C0022821,True
Hepatite D,C0011226,True
Oxigenoterapia,C0184633,True
Erisipelóide,C1276801,True
Mastoidite,C0024904,True
Megacólon,C0025160,True
Síndrome de Churg-Strauss,C0008728,True
Timpanoplastia,C0041447,True
Síndrome de Bassen-Kornzweig,C0000744,True
Ooforectomia,C0029936,True
Gangrena de Fournier,C0238419,True
Imunossupressão,C0021079,True
Onicólise,C0085661,True
Herpangina,C0019338,True
Hipogonadismo,C0020619,True
Hipoalbuminemia,C0239981,True
Eritromelalgia,C0014804,True
Estenose,C1261287,True
Síndrome de Lesch-Nyhan,C0023374,True
Hemotórax,C0019123,True
Melioidose,C0025229,True
Sarcoma,C0205944,True
Hipoparatireoidismo,C0020626,True
Focomelia,C0002447,True
Overdose,C0581388,True
Bronquiectasia,C0006267,True
Ileostomia,C0020883,True
Síndrome de Crigler-Najjar,C0010324,True
Esteatonecrose,C0015668,True
Síndrome de Down,C0013080,True
Sodoku,C0034686,True
Síndrome de Dubin-Johnson,C0022350,True
Albinismo,C0001916,True
Hepatoblastoma,C0206624,True
Anquilose,C0003090,True
Pancreatite,C0030305,True
Doença de Whipple,C0023788,True
Blastomicose,C0005716,True
Lipidose,C0023794,True
Síndrome de Asherman,C0018414,True
Diverticulose,C0012817,True
Síndrome de Arnold-Chiari,C0003803,True
Síndrome de Brown-Séquard,C0242644,True
Siderose,C0037061,True
Linfoma de Hodgkin,C0019829,True
Síndrome de Kleine-Levin,C0206085,True
Síndrome de Chediak-Higashi,C0007965,True
Cicatriz,C2004491,True
Broncopneumonia,C0006285,True
Rinofima,C0035466,True
Carcinossarcoma,C0007140,True
Blefaroplastia,C0197213,True
Fibromialgia,C0016053,True
Síndrome de Bardet-Biedl,C0752166,True
Síndrome de Sézary,C0036920,True
Síndrome de Mallory-Weiss,C0024633,True
Doença de Pompe,C0017921,True
Doença de Peyronie,C0030848,True
Bronquite,C0006277,True
Prosopagnosia,C0234512,True
Síndrome de Adams-Stokes,C0001396,True
Síndrome de Goodpasture,C0403529,True
Síndrome de Cushing,C0010481,True
Sigmoidoscopia,C0037075,True
Glioma,C0017638,True
Metaplasia,C0025568,True
Curetagem,C0010468,True
Hipocapnia,C0085383,True
Actinomicose,C0001261,True
Síndrome de Klippel-Trenaunay-Weber,C0022739,True
Microcefalia,C0025958,True
Angioedema,C0002994,True
Edema,C0013604,True
Acne,C0001144,True
Prolactinoma,C0033375,True
Cetose,C0022638,True
Síndrome de Horner,C0019937,True
Doença de Niemann-Pick,C0028064,True
Osteomalacia,C0029442,True
Fibrose,C0016059,True
Aspergilose,C0004030,True
Eletromiografia,C0013839,True
Histiocitose,C0019618,True
Hiperaldosteronismo,C0020428,True
Osteocondroma,C0029423,True
Pneumoperitônio,C0032320,True
Síndrome de West,C0037769,True
Síndrome de Sturge-Weber,C0038505,True
Orquite,C0029191,True
Retrognatismo,C0035353,True
Uveíte,C0042164,True
Cãibra,C0010263,True
Tripanossomíase,C0041227,True
Osteoartrite,C0029408,True
Fungemia,C0085082,True
Síndrome de Poland,C0032357,True
Osteosclerose,C0029464,True
Doença de Ollier,C0014084,True
Dracunculíase,C0013100,True
Toxoplasmose,C0040558,True
Pericardiocentese,C0191234,True
Candidíase,C0006840,True
Síndrome de Prader-Willi,C0032897,True
Síndrome de Caplan,C0006915,True
Sardas,C0016689,True
Síndrome de Bernard-Soulier,C0005129,True
Tendinite,C0039503,True
Nefrite,C0027697,True
Síndrome de Kallmann,C0162809,True
Craniossinostose,C0010278,True
Síndrome de Apert,C0001193,True
Síndrome de Budd-Chiari,C0856761,True
Gigantismo,C0017547,True
Síndrome de Treacher Collins,C0242387,True
Linfadenopatia,C0024228,True
Erisipela,C0014733,True
Contratura de Volkmann,C0042951,True
Parkinsonismo,C0242422,True
Equimose,C0013491,True
Ascite,C0003962,True
Disenteria,C0013369,True
Imunoterapia,C0021083,True
Braquidactilia,C0221357,True
Insulinoma,C0021670,True
Mastectomia,C0024881,True
Traqueíte,C0040584,True
Osteíte,C0029400,True
Uretrite,C0041976,True
Mucocele,C0026683,True
Ictiose,C0020757,True
Menorragia,C0025323,True
Duodenopancreatectomia,C0085162,True
Coccidioidomicose,C0009186,True
Monoplegia,C0018991,True
Encondroma,C0936248,True
Natimorto,C0595939,True
Hiperprolactinemia,C0020514,True
Hipersensibilidade,C0020517,True
Dor,C0030193,True
Esporotricose,C0038034,True
Ronco,C0037384,True
Urticária,C0042109,True
Doença de Pick,C0236642,True
Ceratite,C0022568,True
Dacriocistite,C0010930,True
Difilobotríase,C0012561,True
Hematoma,C0018944,True
Pirose,C0018834,True
Onfalocele,C0795690,True
Síndrome de Sly,C0085132,True
Parasitemia,C0242723,True
Endoscopia,C0014245,True
Lipossarcoma,C0023827,True
Hipercalcemia,C0020437,True
Pericardite,C0031046,True
Doença de Urbach-Wiethe,C0023795,True
Vaginismo,C0042266,True
Fístula,C0016169,True
Hemianopsia,C0018979,True
Faringite,C0031350,True
Conjuntivite,C0009763,True
Endocardite,C0014118,True
Escorbuto,C0036474,True
Síndrome de Tietze,C0040213,True
Tularemia,C0041351,True
Condrocalcinose,C0033802,True
Síndrome de Capgras,C0006895,True
Aterosclerose,C0004153,True
Síndrome de Zollinger-Ellison,C0043515,True
Fetoscopia,C0002632,True
Vaginite,C0042267,True
Sarampo,C0025007,True
Bursite,C0006444,True
Síndrome de DiGeorge,C0012236,True
Hordéolo,C0019917,True
Rânula,C2242813,True
Hiperemia,C0020452,True
Hipoglicemia,C0020615,True
Tendinopatia,C0039503,True
Doença de Machado-Joseph,C0024408,True
Esofagectomia,C0085198,True
Hemibalismo,C0013384,True
Osteoblastoma,C0029417,True
Asbestose,C0003949,True
Encefalopatia,C0006111,True
Pneumonite,C0032285,True
Hipertricose,C0020555,True
Asma,C0004096,True
Cardiomegalia,C0018800,True
Triquinose,C0040896,True
Doença de Canavan,C0206307,True
Caquexia,C0006625,True
Lobotomia,C0018426,True
Tetralogia de Fallot,C0039685,True
Tumor de Warthin,C0001429,True
Adenocarcinoma,C0001418,True
Fadiga,C0015672,True
Espirometria,C0037981,True
Acondroplasia,C0001080,True
Lepra,C0023343,True
Histoplasmose,C0019655,True
Linfocitose,C0024282,True
Ataxia de Friedreich,C0016719,True
Doença de Fabry,C0002986,True
Reticulocitose,C0206160,True
Envelhecimento,C0001811,True
Doença de Batten,C0022340,True
Síndrome de Li-Fraumeni,C0085390,True
Contracepção,C0700589,True
Miíase,C0027030,True
Noma,C0028271,True
Foliculite,C0016436,True
Síndrome de Sjögren,C0086981,True
Sinusite,C0037199,True
Bronquiolite,C0006271,True
Síndrome de Wiskott-Aldrich,C0043194,True
Ecocardiografia,C0013516,True
Glaucoma,C0017601,True
Artrogripose,C0003886,True
Mediastinite,C0025064,True
Síndrome de Bartter,C0004775,True
Agnosia,C0001816,True
Adenoidectomia,C0001425,True
Pancitopenia,C0030312,True
Biblioterapia,C0005365,True
Criptococose,C0010414,True
Tiroidectomia,C0040145,True
Adrenoleucodistrofia,C0162309,True
Anaplasmose,C0002797,True
Viremia,C0042749,True
Crioglobulinemia,C0010403,True
Paralisia de Bell,C0376175,True
Cleptomania,C0021122,True
Disfonia,C0264588,True
Síndrome de Melkersson-Rosenthal,C0025235,True
Audiometria,C0004286,True
Síndrome de Gitelman,C0268450,True
Micrognatismo,C0025990,True
Drogadição,C0013146,True
Hipoestesia,C0020580,True
Fibroadenoma,C0206650,True
Divertículo de Zenker,C0085232,True
Trissomia,C0041107,True
Síndrome de Klippel-Feil,C0022738,True
Pterígio,C0033999,True
Arterite de Takayasu,C0003510,True
Sobrepeso,C0497406,True
Pneumoconiose,C0004681,True
Odontoma,C0028882,True
Hipercapnia,C0020440,True
Linfedema,C0024236,True
Laminectomia,C0022983,True
Abscesso,C0000833,True
Reumatismo,C0035435,True
Trismo,C0041105,True
Anemia de Fanconi,C0015625,True
Pneumotórax,C0032326,True
Ocronose,C0028817,True
Pasteurelose,C0030636,True
Osteoporose,C0001787,True
Timectomia,C0040071,True
Oftalmoplegia,C0029089,True
Anedonia,C0178417,True
Hérnia,C0019270,True
Hipoproteinemia,C0020639,True
Agranulocitose,C0001824,True
Leucoplasia,C0023531,True
Sonambulismo,C0037672,True
Ambliopia,C0002418,True
Avitaminose,C0376286,True
Esplenomegalia,C0038002,True
Hiperglicemia,C0020456,True
Pneumocistose,C0032305,True
Meningite,C0025289,True
Macroglossia,C0024421,True
Exoftalmia,C0015300,True
Gastrite,C0017152,True
Síndrome de Maffucci,C0014084,True
Retinoblastoma,C0035335,True
Hipersonia,C0020524,True
Fotofobia,C0085636,True
Cólica,C0000729,True
Embolia,C0013922,True
Epilepsia,C0014544,True
Pneumonia,C0032285,True
Rinite,C0035455,True
Leishmaniose,C0023281,True
Artrodese,C0003881,True
Hiperamonemia,C0220994,True
Encefalite,C0014038,True
Bruxismo,C0006325,True
Linfangioleiomiomatose,C0751674,True
Anemia,C0002871,True
Fasciculação,C0015644,True
Síndrome de Cockayne,C0009207,True
Sepse,C0034189,True
Enterobíase,C0086227,True
Retinoscopia,C0455973,True
Mucormicose,C0026718,True
Hemartrose,C0018924,True
Brucelose,C0006309,True
Hemangioma,C0018916,True
Cardiotocografia,C0007208,True
Xerostomia,C0043352,True
Piromania,C0003824,True
Hiperpituitarismo,C0020506,True
Bradicardia,C0428977,True
Paralisia,C0522224,True
Piúria,C0034359,True
Fluoroscopia,C0016356,True
Síndrome de Sjögren-Larsson,C0037231,True
Menopausa,C0025320,True
Cistectomia,C0010651,True
Trombofilia,C0398623,True
Periostite,C0031111,True
Doença de Tay-Sachs,C0039373,True
Angiomiolipoma,C0206633,True
Doença de Erdheim-Chester,C0878675,True
Psicodrama,C0033889,True
Balneoterapia,C0004710,True
Gangrena,C0017086,True
Diverticulite,C0012813,True
Laringectomia,C0023065,True
Insônia,C0021603,True
Angina de Prinzmetal,C0002963,True
Progeria,C0033300,True
Episiotomia,C0014586,True
Gastrectomia,C0017118,True
Alcoolismo,C0001973,True
Prurido,C0033774,True
Mediastinoscopia,C0025065,True
Doença de Refsum,C0034960,True
Broncoscopia,C0006290,True
Doença de Kienböck,C0022682,True
Síndrome de Brugada,C1142166,True
Anafilaxia,C0002792,True
Respiração de Cheyne-Stokes,C0008039,True
Micetoma,C0024449,True
Hipovolemia,C0546884,True
Hiperacusia,C0034880,True
Tuberculose,C0041296,True
Miosite,C0027121,True
Mucolipidose,C0020725,True
Xantoma,C0043325,True
Colecistectomia,C0008320,True
Síndrome de Reye,C0035400,True
Psicocirurgia,C0018426,True
Xenoenxerto,C0520484,True
Morgellons,C2350431,True
Noctúria,C0028734,True
Uremia,C0041948,True
Tétano,C0039614,True
Anomalia de Ebstein,C0013481,True
Gripe,C0021400,True
Hipoventilação,C3203358,True
Babesiose,C0004576,True
Angioplastia,C0162577,True
Fimose,C0031538,True
Argiria,C0003782,True
Linfoma de Burkitt,C0006413,True
Hipóxia,C0003130,True
Nefrectomia,C0027695,True
Miopia,C0027092,True
Síndrome de Riley-Day,C0013364,True
Neutropenia,C0027947,True
Eosinofilia,C0014457,True
Leucemia,C0023418,True
Hipercalciúria,C0020438,True
Distonia,C0013421,True
Rinoplastia,C0035467,True
Laringite,C0023067,True
Narcolepsia,C0027404,True
Hipodontia,C0020608,True
Eclampsia,C0013537,True
Paracentese,C0034115,True
Ultrassonografia,C0009600,True
Teste de Schilling,C0036313,True
Radioterapia,C0205918,True
Mastite,C0024894,True
Flebotomia,C0190979,True
Pneumonectomia,C0032284,True
Teratoma,C0039538,True
Condrossarcoma,C0008479,True
Paniculite,C0030326,True
Doença de Hirschsprung,C0019569,True
Hamartoma,C0018552,True
Vitamina K,C0042878,True
Doença de Gaucher,C0017205,True
Hipotermia,C0020672,True
Epiglotite,C0014541,True
Tracoma,C0040592,True
Infertilidade,C0021359,True
Vitrectomia,C0042903,True
Síndrome de Hunter,C0026705,True
Radiculopatia,C0034544,True
Neurastenia,C0027804,True
Papiloma,C0030354,True
Hepatite,C0019158,True
Síndrome de Wolfram,C0043207,True
Doença de Castleman,C0017531,True
Vaccinia,C0042214,True
Hiponatremia,C0020625,True
Encefalocele,C0014065,True
Macroglobulinemia de Waldenström,C0024419,True
Intussuscepção,C0021933,True
Hemoptise,C0019079,True
Síndrome de Gerstmann,C0017494,True
Tontura,C0012833,True
Pleurisia,C0032231,True
Silicose,C0037116,True
Pulpite,C0034103,True
Homocistinúria,C0019880,True
Eletroencefalografia,C0013819,True
Sífilis,C0039128,True
Síndrome de Turner,C0041408,True
Síndrome de Waterhouse-Friderichsen,C0043068,True
Amiloidose,C0002726,True
Tumor de Krukenberg,C0022790,True
Tenossinovite,C0039520,True
Doença de Wilson,C0019202,True
Angiodisplasia,C0085411,True
Ependimoma,C0014474,True
Cervicite,C0007860,True
Fasciolíase,C0015652,True
Síndrome de Fanconi,C0015624,True
Síndrome de Pierre Robin,C0031900,True
Eritrasma,C0014752,True
Hiperplasia,C0020507,True
Eritema,C0041834,True
Hiperfosfatemia,C0085681,True
Macrostomia,C0024433,True
Síndrome de Ehlers-Danlos,C0013720,True
Terapia,C0039796,True
Síndrome de Hamman-Rich,C0034069,True
Artrite,C0003864,True
Encoprese,C0014089,True
Gastroenterite,C0017160,True
Esofagite,C0014868,True
Síndrome de Miller-Dieker,C0265219,True
Endometriose,C0014175,True
Flebografia,C0031545,True
Afasia,C0003537,True
Hemiplegia,C0018991,True
Hipertrigliceridemia,C0020557,True
Doença de Lyme,C0024198,True
Miose,C0026205,True
Doença de Behçet,C0004943,True
Nocardiose,C0028242,True
Neuroblastoma,C0027819,True
Meningismo,C0025287,True
Nefroblastoma,C0027708,True
Síndrome de Alagille,C0085280,True
Adenoma,C0001430,True
Vertigem,C0042571,True
Meningioma,C0025286,True
Retinite,C0035333,True
Feocromocitoma,C0031511,True
Monossomia,C0026499,True
Catatonia,C0007398,True
Síndrome de Lown-Ganong-Levine,C0024054,True
Hiperestesia,C0020453,True
Síndrome de Alpers,C0004712,True
Acatalasia,C0268419,True
Glicosúria,C0017979,True
Cromoterapia,C0085102,True
Lipodistrofia,C0023787,True
Torcicolo,C0040485,True
Eletroterapia,C0013787,True
Pielonefrite,C0034186,True
Disfagia,C0011168,True
Metatarsalgia,C0025587,True
Diplopia,C0012569,True
Papiledema,C0030353,True
Síndrome de Alport,C0027706,True
Histerotomia,C0020711,True
Mesotelioma,C0025500,True
Arteriosclerose,C0003850,True
Peritonite,C0031154,True
Polipose adenomatosa familiar,C0032580,False
Acantose nigricans,C0000889,False
Transtorno do ciclo vigília-sono,C0236811,False
Aneurisma da aorta,C0003486,False
Obstrução intestinal,C0021843,False
Câncer de pênis,C0030849,False
Enxerto médico,C0206152,False
Síndrome de secreção inapropriada de hormônio antidiurético,C0021141,False
Valvopatia,C0018824,False
Dermatite atópica,C0011615,False
Rotavirus,C0035869,False
Cricotireoidotomia,C0040591,False
Teste RAST,C0034554,False
Leucemia mieloide,C0023470,False
Síndrome paraneoplásica,C0030472,False
Câncer ovariano,C0919267,False
Carcinoma medular da tiroide,C0040136,False
Síndrome pós-pólio,C0080040,False
Tempo de sangramento,C0005729,False
Carcinoma basocelular,C0007117,False
Piedra preta,C0031898,False
Amputação,C0002694,False
Hipoglicemia reativa,C0020615,False
Aparelho de Ilizarov,C0282514,False
Hipertermia maligna,C0024591,False
Embolia gordurosa,C0013928,False
Hérnia diafragmática,C0019284,False
Colelitíase,C0242216,False
Dorsalgia,C0004604,False
Vasoespasmo coronariano,C0010073,False
Doença parasitária,C0030499,False
Infeção puerperal,C0034041,False
Câncer vaginal,C0042237,False
Síndrome de McCune-Albright,C0016065,False
Carcinoma bronquíolo-alveolar,C0007120,False
Escala de Inteligência Wechsler para Adultos,C0043089,False
Espondilite anquilosante,C0038013,False
Retenção urinária,C0080274,False
Tempo de protrombina,C0033707,False
Prurido anal,C0033775,False
Febre da água negra,C0005681,False
Catalepsia patológica,C0007370,False
Molusco contagioso,C0026393,False
Dançaterapia,C0010962,False
Diagnóstico diferencial,C0011906,False
Estado asmático,C0038218,False
Deficiência de piridoxina,C0936215,False
Transtorno alimentar,C0003621,False
Enxerto ósseo,C0005976,False
Giardiose,C0017536,False
Amenorreia,C0002453,False
Biofeedback,C0005491,False
Síndrome do alcoolismo fetal,C0015923,False
Síndrome XYY,C0043379,False
Mucolipidose II,C0020725,False
Punção aspirativa por agulha fina,C0085846,False
Diabetes MODY,C0011860,False
Síndrome do atraso das fases do sono,C0236811,False
Fibrilhação ventricular,C0042510,False
Leishmaniose cutânea,C0023283,False
Tricoleucemia,C0023443,False
Necrose das papilas renais,C0022667,False
Síndrome de Kartagener,C0008780,False
Miastenia grave,C0026896,False
Placenta prévia,C0032046,False
Cisto pilonidal,C0031925,False
Usuário(a):DocElisa/esclerose múltipla,C0042485,False
Síndrome de Gerstmann-Sträussler-Scheinker,C0017495,False
Teste psicológico,C0033905,False
Tireoidite de De Quervain,C0040149,False
Câncer de pulmão,C0007121,False
Aderência (patologia),C0001511,False
Filaríase,C0013755,False
Cancro do estômago,C0024623,False
Folie à deux,C0036939,False
Delirium tremens,C0001957,False
Dispneia,C0013404,False
Ponte aorto-coronária,C0010055,False
Distócia,C0013418,False
Artrite psoriática,C0003872,False
Rubéola,C0035920,False
Cálculo renal,C0022650,False
Emergência hipertensiva,C0020540,False
Adenoma pleomórfico,C0026277,False
Embolia amniótica,C0013927,False
Pneumonia por aspiração,C0032290,False
Incontinência urinária,C0042024,False
Otite média,C0029882,False
Tomografia computadorizada,C0008794,False
Sialorreia,C0013132,False
Hipotensão postural,C0020651,False
Transtorno de personalidade paranoide,C0030477,False
Insuficiência hepática,C0085605,False
Mucopolissacaridose tipo III B,C0026706,False
Queimadura,C0006434,False
Anemia hemolítica,C0002878,False
Abscesso amebiano,C0023885,False
Eletrocardiograma,C1623258,False
Dermatite de contato,C0011616,False
Ruptura prematura de membranas,C0015944,False
Torsades de pointes,C0040479,False
Traqueostomia,C0040591,False
Ovarite,C0029051,False
Teste de gravidez,C0032976,False
Hiper-reflexia,C0034933,False
Quelite angular,C0007971,False
Febre reumática,C0035436,False
Esquizencefalia,C1955869,False
Histerosalpingografia,C0020709,False
Retinopatia hipertensiva,C0152132,False
Síndrome de Jervell e Lange-Nielsen,C0022387,False
Síndrome hemolítico-urêmica,C0019061,False
Anisakis,C0162576,False
Bruit,C0018808,False
Pé chato,C0016202,False
Colite pseudomembranosa,C0014358,False
Câncer de laringe,C0007107,False
Claudicação intermitente,C0021775,False
Doença de Still do adulto,C0085253,False
Deficiência de fosfofrutoquinase,C0017926,False
Síndrome do túnel carpal,C0007286,False
Leucorreia,C0023533,False
Dor do membro fantasma,C0031315,False
Luxação,C0012691,False
Neuropatia periférica,C0031117,False
Linfogranuloma venéreo,C0024286,False
Transplante de fígado,C0023911,False
Terapia de aversão,C0004415,False
Transtorno dissociativo de identidade,C0013259,False
Coma hiperosmolar hiperglicémico,C0020457,False
Queimadura química,C0006435,False
Câncer cervical,C0007873,False
Efeito Stroop,C2718024,False
Deficiência de folato,C0016412,False
Hipóxia cerebral,C0003132,False
Síncope (medicina),C0039070,False
Medicina nuclear,C0028582,False
Síndrome de dumping,C0013288,False
Carcinoma de pulmão de grandes células,C0206704,False
Febre de Lassa,C0023092,False
Tumor de Merkel,C0007129,False
Púrpura trombocitopênica trombótica,C0034155,False
Sarna,C0024710,False
Osteíte fibrosa cística,C0029405,False
Fenilcetonúria,C0031485,False
Transtorno de personalidade,C0003944,False
Osteocondrite dissecante,C0029421,False
Medicina ortomolecular,C0029340,False
Edema pulmonar,C0034063,False
Infecção por adenovírus,C0001486,False
Fraqueza muscular,C0151786,False
Doença inflamatória intestinal,C0021390,False
Imunodeficiência,C0003257,False
Aneurisma cerebral,C0005136,False
Leucemia pró-linfocítica B,C0475801,False
Miocardiopatia,C0033141,False
Síndrome do anticorpo antifosfolipídeo,C0085278,False
Neurodegeneração associada a pantotenato quinase,C0018523,False
Arterite temporal,C0039483,False
Neuropatia autonômica,C0750944,False
Púrpura (sintoma),C0031256,False
Hipertensão gestacional,C0340274,False
Bulimia nervosa,C2267227,False
Paralisia bulbar,C0015708,False
Pré-eclampsia,C0032914,False
Autoexame de mama,C0085105,False
Transtorno de personalidade dependente,C0011548,False
Doença de Menkes,C0022716,False
Síndrome do cólon irritável,C0022104,False
Transtorno desafiador opositivo,C0012734,False
Síndrome da fadiga crônica,C0015674,False
Glomerulonefrite membranoproliferativa,C0017662,False
Telangiectasia hemorrágica hereditária,C0039445,False
Síndrome de Löffler,C0034068,False
Leucemia mieloblástica aguda sem maturação,C0023467,False
Doença celíaca,C0007570,False
Condropatia,C0007302,False
Nódulo pulmonar solitário,C0009250,False
Gravidez psicológica,C0033831,False
Doença do rim policístico,C0022680,False
Anemia perniciosa,C0002892,False
Doença do enxerto contra hospedeiro,C0018133,False
Choque séptico,C0036981,False
Porfiria aguda intermitente,C0162565,False
Doença de Creutzfeldt-Jakob,C0022336,False
Estado vegetativo,C0242670,False
Lesão por esforço repetitivo,C0035127,False
Hipertensão ocular,C0017614,False
Cardiomiopatia dilatada,C0007193,False
Síndrome do piriforme,C0458224,False
Encefalopatia hepática,C0019151,False
Cirrose biliar primária,C0008312,False
Perturbações da marcha,C0751830,False
Disenteria bacteriana,C0013371,False
Câncer de mama,C0006142,False
Gota (doença),C0018099,False
Prognatismo mandibular,C0033324,False
Doença da floresta de Kyasanur,C0022810,False
Erliquiose,C0085399,False
Gangliosidose,C0017083,False
Circuncisão,C0008819,False
Incontinência fecal,C0015732,False
Cardiomiopatia restritiva,C0007196,False
Dermatotilexomania,C0021122,False
Hipotiroidismo,C0020676,False
Cementoblastoma,C0007659,False
Manobra de Heimlich,C0001883,False
Síndrome mielodisplásica,C0026986,False
Hepatite autoimune,C0241910,False
Balanopostite,C0004690,False
Arte terapia,C0003827,False
Autoimunidade,C0004364,False
Transplante de medula óssea,C0472699,False
Pinta (doença),C0031946,False
Mielograma,C0005957,False
Crise de ausência,C0001890,False
Acupuntura,C0394664,False
Roséola,C0015231,False
Lesão da medula espinhal,C0037929,False
Cirurgia cardiovascular,C0018821,False
Sangramento gastrointestinal,C0017181,False
Meta-hemoglobinemia,C0025637,False
Linfo-histiocitose hemofagocítica,C0019068,False
Demência com corpos de Lewy,C0752347,False
Anorexia (sintoma),C0003123,False
Vírus BK,C0949804,False
Tomografia computadorizada por emissão de fóton único,C0040399,False
Síndrome hipereosinofílica,C0206141,False
Cistos coledocianos,C0008340,False
Gasometria arterial,C0005800,False
Distrofia muscular,C0026850,False
Hepatite alcoólica,C0019187,False
Derrame pleural,C0032227,False
Atelectasia,C0004144,False
Cólica renal,C0152169,False
Bloqueio atrioventricular de primeiro grau,C0006384,False
Mutismo seletivo,C0026884,False
Disreflexia autonômica,C0238015,False
Varíola bovina,C0010232,False
Fratura óssea,C0016658,False
Angina,C0002962,False
Exame retal,C1384593,False
Efeito Paul Bert,C0242706,False
Febre familiar do Mediterrâneo,C0031069,False
Tubo de alimentação,C0014327,False
Síndrome da angústia respiratória do recém-nascido,C0035220,False
Hemorroida,C0019112,False
Esclerose múltipla,C0026769,False
Cardiopatia congênita,C0018798,False
MRI de difusão,C1136216,False
Câncer de próstata,C0033578,False
Pneumonia bacteriana,C0004626,False
Cisto,C0010709,False
Síndrome de Crouzon,C0010273,False
Transtorno de personalidade histriônica,C0019681,False
Hérnia de disco,C0021818,False
Diabetes gestacional,C0085207,False
Transtorno de identidade de gênero,C0017249,False
Doença de Von Willebrand,C0042974,False
Laserterapia de baixa potência,C0279027,False
Gnatostomíase,C0018010,False
Tumor de Pancoast,C0030271,False
Punção lombar,C0037943,False
Larva migrans cutânea,C0023048,False
Choque cardiogênico,C0036980,False
Doença oportunista,C0029118,False
Nistagmo,C0028738,False
Transtorno do déficit de atenção com hiperatividade,C0041671,False
Glioblastoma multiforme,C0017636,False
Hipertensão intracraniana idiopática,C0033845,False
Reação aguda ao estresse,C0236816,False
Negligência unilateral,C0030975,False
Taquicardia supraventricular,C0039240,False
Leucemia linfoide crônica,C0023434,False
Artrite séptica,C0003869,False
Apraxia,C0003635,False
Mieloma múltiplo,C0026764,False
Fisioterapia,C0949766,False
Doença da vesícula biliar,C0016977,False
Lupus vulgaris,C0024131,False
Abrasão dentária,C0040428,False
Recuperação intraoperatória de sangue,C2936794,False
Torção testicular,C0037856,False
Cardiomiopatia hipertrófica,C0007194,False
Acidose láctica,C0001125,False
Taquicardia sinusal,C0039239,False
Trauma físico,C0043251,False
Disúria,C0013428,False
Dermatofitose,C0011630,False
Síndrome de Conn,C0020428,False
Sudor anglicus,C0242843,False
Doença inflamatória pélvica,C0001577,False
Anemia aplástica,C0002874,False
Exame físico,C0031809,False
Pneumonia eosinofílica,C0034068,False
Exenteração pélvica,C0030788,False
Abdômen agudo,C0000727,False
Transplantação de órgãos,C0029216,False
Fístula biliar,C0005417,False
Transfusão de sangue,C0005841,False
Alopécia,C0002170,False
Teste de esforço,C0920208,False
Osteogénese imperfeita,C0023931,False
Câncer esofágico,C0014859,False
Paraparesia espástica familiar,C0037773,False
Síndrome do choque tóxico,C0036981,False
Demência na doença pelo vírus da imunodeficiência humana (HIV),C0001849,False
Aneurisma de aorta abdominal,C0162871,False
Biopsia,C0005558,False
Câncer de bexiga,C0005684,False
Câncer de vesícula biliar,C0016978,False
Doença cardiovascular,C0007222,False
Miopatia mitocondrial,C0162670,False
Antibiótico betalactâmico,C0282215,False
Concussão (medicina),C0006107,False
Insuficiência renal aguda,C2609414,False
Síndrome da mão alheia,C2717760,False
SV40,C0949804,False
Apneia de sono,C0020529,False
Coma diabético,C1263960,False
Parto pré-termo,C0151526,False
Nefropatia membranosa,C0017665,False
Poliarterite nodosa,C0031036,False
Transtorno de personalidade esquizoide,C0036339,False
Rosácea (doença),C0035854,False
Diálise peritoneal,C0031139,False
Leucoplasia pilosa,C0206186,False
Insuficiência aórtica,C0003504,False
Cefaleia,C0018681,False
Câncer de pele,C0007114,False
Gengivite ulcerativa necrosante aguda,C0017575,False
Câncer colorretal hereditário sem polipose,C0009405,False
Saturnismo,C0023176,False
Gravidez ectópica,C0032987,False
Transtorno somatoforme,C0037650,False
Fertilização in vitro,C0015915,False
Incontinência de esforço,C0042025,False
Cancro,C0006826,False
Transtorno esquizoafetivo,C0033958,False
Colangiopancreatografia retrógrada endoscópica,C0008310,False
Calo,C0010046,False
Terapia em grupo,C0033971,False
Mioma (doença),C0027086,False
Câncer pancreático,C0030297,False
Hipertensão pulmonar,C0004468,False
Síndrome poliglandular autoimune,C0085409,False
Xantomatose cerebrotendinosa,C0238052,False
Retinite por citomegalovírus,C0206178,False
Desequilíbrio ácido-básico,C0001118,False
Ventilação mecânica,C0035205,False
Síndrome respiratória aguda grave,C1175175,False
Autismo,C0004352,False
Infarto agudo do miocárdio,C0027051,False
Ptose,C0005745,False
Insuficiência cardíaca,C0018801,False
Artrite idiopática juvenil,C0087031,False
Coarctação da aorta,C0003492,False
Doença ocupacional,C0028797,False
Empiema pleural,C0014013,False
Tumor ósseo,C0005967,False
Capacidade de difusão,C0034059,False
Síndrome de Adie,C0040416,False
Dislipidemia,C0242339,False
Clamídia,C0008149,False
Tamponamento cardíaco,C0007177,False
Doença do legionário,C0023240,False
Síndrome de Usher,C0271097,False
Parassonia,C0030508,False
Leucemia aguda bifenotípica,C0023464,False
Anorexia nervosa,C0003125,False
Doença renal crônica,C0022661,False
Transtorno obsessivo-compulsivo,C0028768,False
Distúrbio eletrolítico,C0043065,False
Linite plástica,C0023743,False
Necrose tubular aguda,C0022672,False
Terror noturno,C0037320,False
Transtorno dissociativo,C0012746,False
Degeneração macular,C0242383,False
Stent,C0038257,False
Síndrome miastênica de Lambert-Eaton,C0022972,False
Puberdade precoce,C0034013,False
Hipertiroidismo,C0020550,False
Pandemia de gripe A de 2009,C1615607,False
Esclerose lateral amiotrófica,C0002736,False
Doença gastrointestinal,C0012242,False
Doença de refluxo gastroesofágico,C0017168,False
Tremor essencial,C0270736,False
Síndrome de disfunção múltipla de órgãos,C0026766,False
Prolapso retal,C0034888,False
Transtornos do humor,C0525045,False
Trombose venosa profunda,C0042487,False
Erosão dentária,C0040436,False
Esclerose difusa,C0004712,False
Síndrome de Ménière,C0025281,False
Tiroidite de Hashimoto,C0677607,False
PUVA,C0034172,False
Gêmeos xifópagos,C0041428,False
Mononucleose infecciosa,C0021345,False
Oligodedroglioma,C0028945,False
Taupatia,C0949664,False
Microscopia confocal,C0242841,False
Eritema nodoso,C0014743,False
Endocrinopatia,C0014130,False
Necrose avascular,C0022682,False
Delirium,C0011206,False
Arritmia cardíaca,C0003811,False
Doença de Paget da mama,C0030185,False
Potencial evocado,C0015214,False
Transtorno bipolar,C0005586,False
Candidíase oral,C0006849,False
Abscesso pulmonar,C0024110,False
Fibrose cística,C0010674,False
Hidropsia fetal,C0020305,False
Anemia sideroblástica,C0002896,False
Cefaleia em salvas,C0009088,False
Testes de função hepática,C0023901,False
Hipertonia,C0026826,False
Hiperplasia prostática benigna,C0005001,False
Hipercaliemia,C0020461,False
Porfiria eritropoiética,C0162530,False
Hiperparatiroidismo,C0020502,False
Ictiose arlequim,C0079154,False
Anemia megaloblástica,C0002888,False
Úlcera,C0037299,False
Transplante de coração,C0018823,False
Hipermobilidade,C0022410,False
Treinamento autógeno,C0004361,False
Asteríxis,C0013384,False
Síndrome de abstinência,C0038587,False
Trissomia 9,C0041107,False
Esofagite eosinofílica,C0341106,False
Transplante de córnea,C0010042,False
Vaginite atrófica,C0221392,False
Dismenorreia,C0013390,False
Coreia de Sydenham,C0008489,False
Deficiência de antitrombina III,C0272375,False
Transtorno de personalidade antissocial,C0003431,False
Hemoglobinúria paroxística noturna,C0019050,False
Carcinoma de células escamosas,C0007137,False
Vírus sincicial respiratório,C0035235,False
Microinjecção intracitoplasmática,C0455164,False
Transplante de pulmão,C0024128,False
Leucemia linfocítica granular T,C1522378,False
Síndrome de Legg-Calvé-Perthes,C0023234,False
Síndrome de morte súbita infantil,C0038644,False
Displasia fibrosa,C0016063,False
Otite externa,C0029878,False
Pé torto,C0009081,False
Fenômeno de Raynaud,C0034734,False
Terapia familiar,C0015618,False
Hérnia inguinal indireta,C0019294,False
Doença da urina em xarope de ácer,C0024776,False
Avaliação da função respiratória,C0024119,False
Paroníquia,C0030578,False
Acidose tubular renal,C0001126,False
Lúpus eritematoso sistêmico,C0024141,False
Cesariana,C0007876,False
Bloqueador beta-adrenérgico,C0001645,False
Transplante de coração-pulmão,C0018833,False
Parada cardiorrespiratória,C0018790,False
Síndrome de insensibilidade a andrógenos,C0039585,False
Hipertensão portal,C0010398,False
Deficiência de vitamina A,C0042842,False
Insuficiência venosa crónica cerebroespinal,C0042485,False
Criptorquia,C0010417,False
Hematoma subdural,C0018946,False
Insuficiência adrenal,C0001623,False
Espasticidade,C0026838,False
Truncus arteriosus,C0041207,False
Tricomoníase,C0040922,False
Dissomia uniparental,C0949628,False
Mielite transversa,C0026976,False
Eritema multiforme,C0014742,False
Atresia esofágica,C0014850,False
Meningite asséptica,C0025290,False
Transtorno esquizofreniforme,C0033958,False
Diálise,C0019004,False
Síndrome de Cowden,C0018553,False
Nefrite lúpica,C0024143,False
Neurite óptica,C0029134,False
Zoonose,C0043528,False
Puberdade atrasada,C0034012,False
Eritema infeccioso,C0085273,False
Diabetes mellitus tipo 2,C0011860,False
Transtorno de personalidade limítrofe,C0006012,False
Diabetes mellitus tipo 1,C0011854,False
Prova cruzada,C0005809,False
Monitorização ambulatorial de pressão arterial,C0242876,False
Micose,C0026946,False
Antracose,C0004681,False
Complicações na gravidez,C0032962,False
Endocardite de Libman-Sacks,C0024141,False
Poli-hidrâmnio,C0020224,False
Síndrome do QT longo,C0023976,False
Cirurgia torácica videoassistida,C0752151,False
Terapia ocupacional,C1318464,False
Síndrome do X frágil,C0016667,False
Infecção,C0009450,False
Colangite esclerosante primária,C0008313,False
Doença de depósito lisossômico,C0085078,False
Mononeuropatia,C0031117,False
Anemia hemolítica autoimune,C0002880,False
Inibidor da enzima de conversão da angiotensina,C0003015,False
Síndrome de Gilbert,C0017551,False
Oftalmoscópio,C0029090,False
Paralisia supranuclear progressiva,C0038868,False
Hiperplasia adrenal congênita,C0001627,False
Rickettsiose,C0035592,False
Neuralgia do trigêmeo,C0040997,False
Tumor ósseo de células gigantes,C0206638,False
Neurofibromatose,C0027831,False
Hemocromatose,C0282193,False
Terapia de reidratação oral,C0016286,False
Proteinose alveolar pulmonar,C0034050,False
Distensão,C0038048,False
Alucinação,C0018524,False
Autópsia,C0004398,False
Retardo mental,C0020796,False
Terapia comportamental,C0004933,False
Jet lag,C0236811,False
Acinesia,C0086439,False
Anticoagulante,C0016018,False
Febre aftosa,C0016514,False
Cirrose hepática,C0023890,False
Helicobacter pylori,C0079487,False
Uranálise,C0042014,False
Escara,C0011127,False
Hipertensão arterial,C0020538,False
Bezoar,C0005332,False
Deficiência da ornitina transcarbamilase,C0268542,False
Marca-passo,C0030163,False
Neuropatia diabética,C0011882,False
Herpes,C0019348,False
Fonofobia,C0034880,False
Hidrocele testicular,C1720771,False
Mancha café com leite,C0221263,False
Gangrena gasosa,C0017105,False
Cisto aracnoide,C0078981,False
Neuromielite óptica,C0027873,False
Diátese hemorrágica,C0019087,False
Síndrome da veia cava superior,C0038833,False
Disfunção sexual,C0016722,False
Síndrome do encarceramento,C0023944,False
Neurofibromatose tipo I,C0027831,False
Sinal de Tinel,C0007286,False
Dissonia,C0700201,False
Perda auditiva condutiva,C0018777,False
Síndrome do olho seco,C0022575,False
Terapia imunossupressora,C0021079,False
Câncer de fígado,C0023903,False
Arco senil,C0003742,False
Reprodução medicamente assistida,C0872104,False
Eritema induratum,C0014741,False
Síndrome do ovário policístico,C0032460,False
Cisto ovariano,C0010093,False
Deficiência de vitamina E,C0042875,False
Deficiência de vitamina K,C0042880,False
Derrame pericárdico,C0019064,False
Cirurgia torácica,C0018821,False
Síndrome medular central,C0560651,False
Protozoose,C0019640,False
Citomegalovírus,C0010823,False
Doença arterial coronariana,C0010054,False
Galactorreia,C0554400,False
Pitiríase rósea,C0032026,False
Perda de audição neurossensorial,C0018784,False
Acidente vascular cerebral,C0038454,False
Tifo murino,C0041472,False
Hemorragia retinal,C0035317,False
Neoplasma,C0006826,False
Cateter de Swan-Ganz,C0007438,False
Hemoglobinúria,C0019048,False
Retinopatia diabética,C0011884,False
Síndrome da pele escaldada estafilocócica do recém-nascido,C0038165,False
Raiva (doença),C0034494,False
Porfiria hepatoeritropoiética,C0162569,False
Adenoma de hipófise,C0032019,False
Febre tifoide,C0041466,False
Petéquia,C0031256,False
Nefrostomia,C0162428,False
Síndrome de Kawasaki,C0026691,False
Mucopolissacaridose,C0026703,False
Cancro do útero,C0042138,False
Gonorreia,C0018081,False
Placenta acreta,C0032044,False
Analgesia epidural,C0002913,False
Cisto sinovial,C1258666,False
Íleo paralítico,C1258215,False
Tempo de tromboplastina parcial ativada,C0007719,False
Cirurgia vascular,C0042381,False
Tirosinemia,C0268483,False
Ascaridíase,C0003950,False
Terapia de substituição renal,C0206074,False
Morte cerebral,C0006110,False
Deficiência em glucose-6-fosfato desidrogenase,C0017758,False
Imagem por ressonância magnética,C0024485,False
Distrofia de Fuchs,C0016781,False
Terapia neoadjuvante,C0600558,False
Laringotraqueobronquite,C0010380,False
Intoxicação por flúor,C0016325,False
Coagulação intravascular disseminada,C0012739,False
Convulsão,C0022333,False
Leucemias de células T,C0023492,False
Doença sexualmente transmissível,C0036916,False
Coledocolitíase,C0242216,False
Anomalia da tolerância à glicose,C0271650,False
Pancreatite crônica,C0149521,False
Angiografia cerebral,C0007767,False
Struma ovarii,C0038478,False
Miosite por corpúsculos de inclusão,C0238190,False
Penfigoide bolhoso,C0030805,False
Tabes dorsalis,C0039223,False
Vertigem posicional paroxística benigna,C0042571,False
Icterícia neonatal,C0022353,False
Síndrome de Boerhaave,C0014860,False
Acidose respiratória,C0001127,False
Intolerância à lactose,C0022951,False
Epicondilite,C0039516,False
Coagulopatia,C0005779,False
Dermatite herpetiforme,C0011608,False
Luxação do ombro,C0037005,False
Disenteria amébica,C0013370,False
Regurgitação mitral,C0026266,False
Transtorno de personalidade esquizotípica,C0021151,False
Ferida,C0043251,False
Sangue oculto nas fezes,C0028792,False
Nefropatia,C0022658,False
Intermação,C0018839,False
Síndrome do desconforto respiratório do adulto,C0035222,False
Cefaleia de tensão,C0033893,False
Cisto sebáceo,C0014511,False
Varizes esofágicas,C0014849,False
Leucodistrofia metacromática,C0023522,False
Galactosemia,C0016952,False
Febre dos fenos,C0035457,False
Pica (transtorno),C0031873,False
Arbovírus,C0003723,False
Lisencefalia,C0266463,False
Cefalosporina,C2266959,False
Síndrome de Papillon-Lefevre,C0030360,False
Doença congênita,C0027612,False
Reanimação cardiorrespiratória,C0007203,False
Fobia social,C0008909,False
Aeroembolismo,C0013926,False
Larva migrans visceral,C0023049,False
Tensão pré-menstrual,C0033046,False
Variz,C0042345,False
Congelamento,C0016736,False
Síndrome de Hiper IgE,C0022398,False
Tumor neuroectodérmico primitivo,C0206663,False
Doença granulomatosa crónica,C0018203,False
Esclerose concêntrica de Baló,C0004712,False
Úlcera péptica,C0024799,False
Transtorno do pânico,C0030319,False
Hemorragia digestiva alta,C0017181,False
Malformação arteriovenosa,C0003857,False
Bloqueio de ramo,C0004331,False
Hebefrenia,C0036347,False
Manganismo,C0677050,False
Edema cerebral,C0006114,False
Hepatocarcinoma,C2239176,False
Tique,C0278076,False
Doença arterial periférica,C0085096,False
Análise transacional,C0040631,False
Leucemia monoblástica aguda,C0023465,False
Neoplasia de glândula salivar,C0036095,False
Síndrome coronária aguda,C0948089,False
Disfunção erétil,C0242350,False
Rejeição de transplante,C0018129,False
Nefropatia por IgA,C0017661,False
Má-nutrição,C0162429,False
Degeneração espinocerebelar,C0087012,False
Dermatite seborreica,C0036508,False
Taquicardia ventricular,C0042514,False
Trombose coronariana,C0010072,False
Síndrome das pernas inquietas,C0035258,False
Ceratose seborreica,C0022603,False
Hidrosadenite,C0162836,False
Leucemia promielocítica aguda,C0023487,False
Embolia pulmonar,C0034065,False
Ciclotimia,C0010598,False
Retinopatia da prematuridade,C0035344,False
Síndrome de Klüver-Bucy,C0270707,False
Doença hepática alcoólica,C0023896,False
Distrofia fascio-escapulo-humeral,C0238288,False
Tumor filoide,C0010701,False
Doença desmielinizante,C0011303,False
Flutter atrial,C0004239,False
Transplante de pâncreas,C0030275,False
Doença de Paget do osso,C0029401,False
Depressão nervosa,C0011574,False
Erliquiose monocítica humana,C0085399,False
Transtorno mental,C0004936,False
Inibidor da bomba de protões,C0358591,False
Alergia alimentar,C0016470,False
Poliglobulia,C0032461,False
Diabetes insipidus,C0011848,False
Traumatismo craniano,C0037304,False
Dispraxia,C0011757,False
Cistostomia suprapúbica,C0010705,False
Fístula obstétrica,C0042253,False
Vírus do oeste do Nilo,C0043124,False
Ébola,C0282687,False
Fibrilação auricular,C0004238,False
Artrite reumatoide,C0003873,False
Mola hidatiforme,C0020217,False
Hérnia de hiato,C0019284,False
Infecção do trato urinário,C0042029,False
Pitiríase versicolor,C0040262,False
Pulmão de aço,C0042498,False
Transtorno de personalidade obsessivo-compulsiva,C0009595,False
Estimulação cerebral profunda,C0394162,False
Maldição de Ondina,C0520680,False
Febre paratifoide,C0030528,False
Queimadura solar,C0038814,False
Mal de Alzheimer,C0002395,False
Leucemia mieloide crônica,C0023473,False
Estimulação magnética transcraniana repetitiva,C0436548,False
Gastroplastia,C1456587,False
Inibidor seletivo de recaptação de serotonina,C0162758,False
Alcalose respiratória,C0002064,False
Entorse,C0038048,False
Micose fungoide,C0026948,False
Cirurgia ginecológica,C0038902,False
Mucopolissacaridose tipo I,C0023786,False
Síndrome da imunodeficiência adquirida,C0001175,False
Hantavírus,C0242994,False
Dicromacia,C0009398,False
Terapia cognitivo-comportamental,C0009244,False
Teste de inclinação ortostática,C0242880,False
Câncer testicular,C0039590,False
Síndrome complexa de dor regional,C0458219,False
Anemia ferropriva,C0162316,False
Epidermólise bolhosa,C0014527,False
Nefropatia diabética,C0011881,False
Trombocitemia essencial,C0040028,False
Insônia familiar fatal,C0206042,False
Leucemia mieloide aguda,C0023467,False
Hallux valgus,C0006386,False
Porfiria hepática,C0162533,False
Carbúnculo,C0003175,False
Neuronite vestibular,C0751908,False
Hemoglobinopatia,C0019045,False
Deficiência de alfa-1-antitripsina,C0221757,False
Hipocondria,C0020604,False
Dentinogênese imperfeita,C0011436,False
Leucemias de células B,C2004493,False
Disfemia,C0038131,False
Sífilis congênita,C0020186,False
Prolapso da válvula mitral,C0026267,False
Fasciite necrosante,C0238124,False
Radiografia de tórax,C0039985,False
Epispádia,C0014588,False
Insensibilidade congênita à dor,C0002768,False
Retinite pigmentosa,C0035334,False
Descolamento prematuro da placenta,C0000832,False
Porfiria cutânea tarda,C0162566,False
Abscesso peritonsilar,C0031157,False
Síndrome do túnel tarsal,C0039319,False
Eritroblastose fetal,C0014761,False
Distimia,C0013415,False
Câncer anal,C0003463,False
Paralisia cerebral,C0007789,False
Polineuropatia alcoólica,C0085677,False
Esteatorreia,C0038238,False
Moxabustão,C0026652,False
Transtorno de adaptação,C0001546,False
Neurocirurgia,C0524850,False
Marasmo,C0033677,False
Estenose pilórica,C0700639,False
Tetania (sinal médico),C0037768,False
Tuberculose do sistema nervoso,C0041318,False
Tifo epidémico,C0006181,False
Leucemia/linfoma de células T do adulto,C0023493,False
Fibrodisplasia ossificante progressiva,C0016037,False
Transtorno de personalidade narcisista,C0003944,False
Queloide,C0022548,False
Transtorno global do desenvolvimento,C0008074,False
Síndrome de Leigh,C0023264,False
Insolação,C0018843,False
Discinesia,C0013384,False
Corioretinite,C0008513,False
Condição pré-maligna,C0032927,False
Respiração em líquido,C0419019,False
Transplante renal,C0022671,False
Xerodermia pigmentosa,C0043346,False
Anomalia genética,C0019247,False
Febre hemorrágica viral,C0019104,False
Leishmaniose visceral,C0023290,False
Agressão sexual,C0034668,False
Porfiria variegata,C0162532,False
Trombose venosa,C0042487,False
Beribéri,C0005122,False
Leucemia linfoide,C0023448,False
Ressecção transuretral de próstata,C0040771,False
Sin nombre,C0243025,False
Dedo do pé em martelo,C0085686,False
Astenia,C0151786,False
Osteoma osteoide,C0029441,False
Tumor da tiroide,C0040136,False
Intubação endotraqueal,C0021932,False
Claudicação,C0021775,False
Úlcera varicosa,C0042344,False
Leucemia mielomonocítica aguda,C0023479,False
Cistite intersticial,C0282488,False
Ceratose actínica,C0022602,False
Colite ulcerosa,C0009324,False
Carcinoma de pulmão de células não pequenas,C0007131,False
Tempo de trombina,C0677634,False
Cancro mole,C0007947,False
Hematúria,C0018965,False
Hemograma,C0005771,False
Síndrome da lise tumoral,C0041364,False
Imagiologia médica,C0011923,False
Abordagem centrada na pessoa,C0028302,False
Hipertensão maligna,C0020540,False
Nitrogénio ureico no sangue,C0005845,False
Artropatia,C0022408,False
Tonometria,C0430888,False
Contusão muscular,C0009938,False
Corpulmonale,C0034072,False
Pectus excavatum,C0016842,False
Neurodegeneração,C0524851,False
Transtorno de personalidade esquiva,C0003944,False
Delírio,C0011253,False
Policitemia vera,C0032463,False
Daltonismo,C0009398,False
Transtorno da ansiedade,C0003469,False
Paralisia facial,C0376175,False
Púrpura trombocitopênica idiopática,C0043117,False
Estenose da artéria renal,C0035066,False
Mania,C0005586,False
Transplante de rosto,C1955925,False
Hipertensão renovascular,C0018036,False
Língua fissurada,C0040412,False
Fissura anal,C0016167,False
Febre hemorrágica de Omsk,C0019103,False
Envenenamento por cogumelos,C0026865,False
Deficiência do hormônio do crescimento,C0013338,False
Febre amarela,C0043395,False
Febre maculosa,C0035793,False
Alexia (linguagem),C0002018,False
Sopro cardíaco,C0018808,False
Endarteriectomia,C0014098,False
Débito expiratório máximo instantâneo,C0030735,False
Erro metabólico hereditário,C0025521,False
Picnodisostose,C0026709,False
Leucemia linfoide aguda,C1961102,False
Glomeruloesclerose segmentar e focal,C0017668,False
Retroversão uterina,C0162482,False
Síndrome de Münchhausen,C0026785,False
Ciatalgia,C0036396,False
Fibrose retroperitoneal,C0031022,False
Miopatia,C0026848,False
Púrpura de Henoch-Schönlein,C0034152,False
Lesão do plexo braquial,C0270897,False
Osteodistrofia renal,C0035086,False
Síndrome compartimental,C0009492,False
Condromalácia patelar,C0008475,False
Disidrose,C0032633,False
Osteossarcoma,C0029463,False
Eritema das fraldas,C0011974,False
Cor triatriatum,C0009995,False
Lúpus eritematoso discoide,C0024138,False
Distúrbio da fala,C0037822,False
Esclerose tuberosa,C0041341,False
Constipação,C0009443,False
Cisto tireoglosso,C0040124,False
Afta,C0038363,False
Aborto espontâneo,C0000786,False
Chicungunha,C0206752,False
Leucemia pró-linfocítica T,C0023494,False
Vôlvulo,C0042961,False
Coproporfiria hereditária,C0162531,False
Sistema coletor de drenagem pleural ou mediastinal,C0039990,False
Tomografia por emissão de positrões,C0032743,False
Câncer endometrial,C0014170,False
Lavagem vaginal,C0204785,False
Mielofibrose idiopática,C0001815,False
Herpes genital,C0019342,False
Estatina,C0360714,False
Diarreia,C0011991,False
Síndrome metabólica,C0524620,False
Parotidite infecciosa,C0026780,False
Teste de cores de Ishihara,C0009396,False
Polineuropatia,C0152025,False
Síndrome de Moebius,C0221060,False
Terapia cognitiva,C0009244,False
Neurocisticercose,C0010678,False
Carcinoma de células pequenas,C0262584,False
Esfingolipidose,C0037899,False
Furúnculo,C0016867,False
Cirurgia de catarata,C0007389,False
Síndrome de Proteus,C0085261,False
Líquen plano,C0023646,False
Traumatismo cranioencefálico,C0149844,False
Epidermodisplasia verruciforme,C0014522,False
Vaginose bacteriana,C0085166,False
Atresia da válvula tricúspide,C0243002,False
Desvio de conduta,C0149654,False
Bexiga neurogênica,C0005697,False
Síndrome do desfiladeiro torácico,C0039984,False
Tumor cerebral,C0006118,False
Esferocitose hereditária,C0037889,False
Vírus do papiloma humano,C0950124,False
Morte súbita,C0085298,False
Descolamento de retina,C0035305,False
Anti-Jo1,C0027121,False
Pseudo-hermafroditismo,C0036875,False
Doença do sono,C0027333,False
Anasarca,C0013604,False
Pneumonia viral,C0032310,False
Síndrome nefrótica,C0027726,False
Hemofilia,C0852077,False
Incompetência istmocervical,C0007871,False
Derivação urinária,C0042020,False
Jogo patológico,C0016995,False
Síndrome de De Quervain,C0149870,False
Oligúria,C0028961,False
Celulite (infecção),C0007642,False
Neoplasia trofoblástica,C0041182,False
Enxaqueca,C0149931,False
Terapia fotodinâmica,C0031740,False
Cetoacidose diabética,C0011880,False
Síndrome da sela vazia,C0014008,False
Pressão arterial,C0005824,False
Estenose mitral,C0026269,False
Hiperdontia,C0040457,False
